node1,node2,stats,p,Cohen_f2
9,7,4.12260670246365,0.00825597400405553,0.424897150579954
